,Gene,Total,Minor,Fraction
0,Rv0678,3080,914,0.29675324675324677
1,atpE,1059,614,0.5797922568460812
2,mmpL5,84815,2143,0.025266757059482402
3,mmpS5,887,45,0.05073280721533258
4,pepQ,5235,3158,0.6032473734479465
